-- phpMyAdmin SQL Dump
-- version 5.1.1deb5ubuntu1
-- https://www.phpmyadmin.net/
--
-- Hôte : localhost
-- Généré le : jeu. 13 juin 2024 à 09:10
-- Version du serveur : 10.6.16-MariaDB-0ubuntu0.22.04.1-log
-- Version de PHP : 8.1.25

SET SQL_MODE = "NO_AUTO_VALUE_ON_ZERO";
START TRANSACTION;
SET time_zone = "+00:00";


/*!40101 SET @OLD_CHARACTER_SET_CLIENT=@@CHARACTER_SET_CLIENT */;
/*!40101 SET @OLD_CHARACTER_SET_RESULTS=@@CHARACTER_SET_RESULTS */;
/*!40101 SET @OLD_COLLATION_CONNECTION=@@COLLATION_CONNECTION */;
/*!40101 SET NAMES utf8mb4 */;

--
-- Base de données : `c18quiz_delta`
--

-- --------------------------------------------------------

--
-- Structure de la table `answer`
--

CREATE TABLE `answer` (
  `id` int(11) NOT NULL,
  `question_id` int(11) DEFAULT NULL,
  `answer` longtext NOT NULL,
  `is_correct` tinyint(1) NOT NULL
) ENGINE=InnoDB DEFAULT CHARSET=utf8mb4 COLLATE=utf8mb4_unicode_ci;

--
-- Déchargement des données de la table `answer`
--

INSERT INTO `answer` (`id`, `question_id`, `answer`, `is_correct`) VALUES
(1, 1, 'A. Munich à New York-JFK', 1),
(2, 1, 'B. Naples à New York-JFK', 1),
(3, 1, 'C. Shannon à New York-JFK', 1),
(4, 1, 'D. Dublin à Minneapolis-St. Paul', 1),
(5, 1, 'E. Toutes les réponses ci-dessus', 1),
(6, 2, 'A. 20 ', 1),
(7, 2, 'B. 25 ', 0),
(8, 2, 'C. 22', 0),
(9, 2, 'D. 30', 0),
(10, 3, 'A. Los Angeles', 0),
(11, 3, 'B. New York-JFK', 1),
(12, 3, 'C. Atlanta', 0),
(13, 3, 'D. Boston', 0),
(14, 4, 'A. Plus de 700', 0),
(15, 4, 'B. Moins de 600 ', 0),
(16, 4, 'C. Jusqu\'à 680 ', 1),
(17, 4, 'D. Aucune de ces réponses', 0),
(18, 5, 'A. Moins de 150', 0),
(19, 5, 'B. Plus de 200', 1),
(20, 5, 'C. Jusqu\'à 100 ', 0),
(21, 5, 'D. Aucune de ces réponses', 0);

-- --------------------------------------------------------

--
-- Structure de la table `participation`
--

CREATE TABLE `participation` (
  `id` int(11) NOT NULL,
  `user_id` int(11) DEFAULT NULL,
  `user_session` varchar(255) DEFAULT NULL,
  `created_at` datetime DEFAULT NULL COMMENT '(DC2Type:datetime_immutable)',
  `updated_at` datetime DEFAULT NULL,
  `uniq_participation_id` varchar(255) DEFAULT NULL
) ENGINE=InnoDB DEFAULT CHARSET=utf8mb4 COLLATE=utf8mb4_unicode_ci;

--
-- Déchargement des données de la table `participation`
--

INSERT INTO `participation` (`id`, `user_id`, `user_session`, `created_at`, `updated_at`, `uniq_participation_id`) VALUES
(1, NULL, '8si6j6hb5ht4vqu3smud26k2br', '2024-04-30 15:24:38', '2024-04-30 15:24:38', '66310c926f467'),
(2, NULL, 'ef374k153r4uocd5eflf4isjb5', '2024-04-30 15:26:25', '2024-04-30 15:26:38', '66310d9e2bc66'),
(3, NULL, 'ef374k153r4uocd5eflf4isjb5', '2024-04-30 15:26:45', '2024-04-30 15:26:59', '66310db30b2bf'),
(4, NULL, 'ef374k153r4uocd5eflf4isjb5', '2024-04-30 15:27:04', '2024-04-30 15:27:15', '66310dc5e4c1d'),
(5, 1, 'vq0ol2gcp1uhkjtgbpi2599ibm', '2024-04-30 15:37:14', '2024-04-30 15:37:44', '6631102259947'),
(6, NULL, 'vq0ol2gcp1uhkjtgbpi2599ibm', '2024-04-30 15:38:03', '2024-04-30 15:38:24', '663110560f0fd'),
(7, 2, 'vq0ol2gcp1uhkjtgbpi2599ibm', '2024-04-30 15:39:34', '2024-04-30 15:41:09', '663110b234021'),
(8, NULL, '2ad60rceuin8kc1ohdjp5cb6rt', '2024-04-30 16:14:47', '2024-04-30 16:15:58', '663118cf04cf8'),
(9, NULL, '2ad60rceuin8kc1ohdjp5cb6rt', '2024-04-30 16:18:06', '2024-04-30 16:18:59', '663119b86ef07'),
(10, NULL, '2ad60rceuin8kc1ohdjp5cb6rt', '2024-04-30 16:21:01', '2024-04-30 16:22:50', '66311a6a01366'),
(11, NULL, '2ad60rceuin8kc1ohdjp5cb6rt', '2024-04-30 16:24:52', '2024-04-30 16:24:54', '66311b24082f5'),
(12, 3, 'd86s79gduso6l1922jmd690em0', '2024-04-30 16:33:56', '2024-04-30 16:34:48', '66311d292365d'),
(13, NULL, 'vq0ol2gcp1uhkjtgbpi2599ibm', '2024-04-30 16:39:55', '2024-04-30 16:39:55', '66311eda28c0f'),
(14, NULL, 'vq0ol2gcp1uhkjtgbpi2599ibm', '2024-04-30 16:41:04', '2024-04-30 16:41:23', '66311f1349940'),
(15, NULL, 'd4q0rdu9a3v2pob7fa53a1ucv4', '2024-04-30 17:30:28', '2024-04-30 17:30:30', '66312aa7e780b'),
(16, NULL, '0l7pp9tuumv362eh0nptcfi6tr', '2024-04-30 18:18:01', '2024-04-30 18:18:56', '66313593eda6c'),
(17, 4, 'mlgnk6o4mcnved3hrl6pkartkl', '2024-04-30 18:30:44', '2024-04-30 18:31:30', '663138d09adbf'),
(18, NULL, 'khk589ln62djqgg0q73aqabgl3', '2024-05-01 14:45:03', '2024-05-01 14:45:55', '6632554508b0d'),
(19, NULL, 'r8uma6q5cvihmpksifhl0eprkb', '2024-05-01 17:00:09', '2024-05-01 17:01:32', '6632750fa60a2'),
(20, 5, 'r8uma6q5cvihmpksifhl0eprkb', '2024-05-01 17:02:22', '2024-05-01 17:03:42', '6632759b74ce6'),
(21, NULL, '3k0vbmec4c4udujvf81717ub6p', '2024-05-02 06:17:58', '2024-05-02 06:18:10', '66333015e9913'),
(22, NULL, 'ea9j5if9saf72hfvp092epnvl9', '2024-05-02 07:39:58', '2024-05-02 07:39:58', '66334349cef13'),
(23, 6, 'o2akkrl229bocf4luhrjtcnna1', '2024-05-02 13:43:37', '2024-05-02 13:45:54', '663398824ccf8'),
(24, 7, 'nu87p3prvne9c9e4v6bh494ra1', '2024-05-02 16:05:05', '2024-05-02 16:06:57', '6633b9aef26f6'),
(25, NULL, '2kac7fcqk424f1fn5kll2fac9g', '2024-05-02 20:45:31', '2024-05-02 20:46:28', '6633fb67df212'),
(26, 8, 'ojiuufqtt93kk162kl58kkbiuu', '2024-05-02 20:47:22', '2024-05-02 20:47:53', '6633fbd3a3a52'),
(27, NULL, 'uond1bgrbe07108ns79tp8ja69', '2024-05-03 10:08:00', '2024-05-03 10:08:00', '6634b77561fa4'),
(28, NULL, 'evu0dgisnvcbiif6kf299iev8o', '2024-05-03 11:25:45', '2024-05-03 11:25:45', '6634c9b27ee86'),
(29, NULL, '0uvmauvll3dsnu107k09t3bpn3', '2024-05-03 12:23:06', '2024-05-03 12:23:06', '6634d72564df8'),
(30, NULL, 'tr567mamurv335umhnc2uapnal', '2024-05-03 12:23:31', '2024-05-03 12:23:31', '6634d71c6017c'),
(31, NULL, 'lbgouvk6pkgccpth9b7qhrkq3f', '2024-05-03 14:31:52', '2024-05-03 14:33:08', '6634f551b94de'),
(32, 9, 'lbgouvk6pkgccpth9b7qhrkq3f', '2024-05-03 14:52:52', '2024-05-03 14:55:53', '6634fa427414d'),
(33, NULL, '350fp9arctrr5knk0luq8eid1l', '2024-05-03 16:34:27', '2024-05-03 16:34:27', '663511de8c187'),
(35, NULL, '9ik2jff1fci4pirlmbd6il18q4', '2024-05-04 04:18:55', '2024-05-04 04:20:46', '6635b71cd2959'),
(36, NULL, '1i0o7ntquqcigddfrmcgcf7geq', '2024-05-04 04:19:22', '2024-05-04 04:19:22', '6635b749eba79'),
(37, NULL, 'lhitklheg5lkatb7q0t39vjdu1', '2024-05-04 04:20:26', '2024-05-04 04:20:26', '6635b78a07421'),
(38, 11, 'jhirhse23jpk61l3lojsvnh8f4', '2024-05-05 08:43:30', '2024-05-05 08:45:02', '663746af39b6f'),
(39, NULL, 'ld7amh3qg4ve90sp9nnd1dqv15', '2024-05-06 08:13:04', '2024-05-06 08:13:04', '66388dc50709b'),
(40, NULL, 'ld7amh3qg4ve90sp9nnd1dqv15', '2024-05-06 12:49:06', '2024-05-06 12:49:17', '6638d15f30925'),
(41, NULL, '4u12prq5b2v8ljtl2e76604vk7', '2024-05-06 14:20:18', '2024-05-06 14:20:47', '6638e71b0d578'),
(42, NULL, 'seg63hbq9tf42brnc2tj644vbb', '2024-05-07 07:26:13', '2024-05-07 07:35:46', '6639d787a398c'),
(43, NULL, '2lghlok2uifn2u80bu1urdc1e4', '2024-05-10 06:14:09', '2024-05-10 06:14:09', '663dbb2a5089e'),
(44, NULL, '2lghlok2uifn2u80bu1urdc1e4', '2024-05-10 06:15:55', '2024-05-10 06:15:55', '663dbb960d585'),
(45, NULL, '80j3lleugug7tqj4310dh5ar7m', '2024-05-10 06:16:47', '2024-05-10 06:16:47', '663dbbcdb8df0'),
(46, NULL, 'cgisqgufbj7tt28l3t3u33ua9m', '2024-05-10 06:58:24', '2024-05-10 06:58:24', '663dc589bfb3c'),
(47, NULL, 'cgisqgufbj7tt28l3t3u33ua9m', '2024-05-10 07:01:39', '2024-05-10 07:01:39', '663dc5a6c6079'),
(48, NULL, 'bhdsvfu2pb2vrq92vupo29gtrf', '2024-05-10 07:31:46', '2024-05-10 07:31:46', '663dcd5be091a'),
(49, NULL, 'br4fsihn78nrgll9bkoj6hkifu', '2024-05-10 07:47:51', '2024-05-10 07:47:51', '663dd11e9ae70'),
(50, NULL, 'br4fsihn78nrgll9bkoj6hkifu', '2024-05-10 08:00:53', '2024-05-10 08:00:53', '663dd435a0174'),
(51, NULL, '28eqapl9ojmatqistd8ef193l8', '2024-05-10 12:31:16', '2024-05-10 12:48:42', '663e13937c3b8'),
(52, NULL, 'f6o1o6emb9n0lknjtlm3kmh6hf', '2024-05-10 12:34:36', '2024-05-10 12:36:30', '663e145531531'),
(53, 12, '03vgv5q6igpl6agrj32iieqvvu', '2024-05-10 12:39:11', '2024-05-10 12:41:10', '663e15651b055'),
(54, 13, '029jt3pgacill1apuhlinku20h', '2024-05-10 12:46:02', '2024-05-10 12:47:33', '663e17085d2be'),
(55, 14, 'f6o1o6emb9n0lknjtlm3kmh6hf', '2024-05-10 12:48:40', '2024-05-10 12:51:05', '663e17a5a066c'),
(56, 15, 's8si2binjdmpr16a4l3tdmmq5p', '2024-05-10 12:52:11', '2024-05-10 12:53:03', '663e1877ba24f'),
(57, 16, 're96n1qcf7mdbh7uq2qihd9n7s', '2024-05-10 12:52:15', '2024-05-10 12:54:21', '663e1879b3039'),
(58, NULL, 'v72661nam18fl4kckanct68sev', '2024-05-10 12:54:25', '2024-05-10 12:59:09', '663e18fe08cdf'),
(59, 17, 'oa70r9s71cfokq3f7g6n8p55be', '2024-05-10 12:54:43', '2024-05-10 12:59:02', '663e190744695'),
(60, NULL, 'r9ni831fe4u6oo94fiacft0jbo', '2024-05-10 12:58:10', '2024-05-10 12:58:40', '663e1916646a5'),
(61, 18, '412h8iipdaldukbnplobh4o9rt', '2024-05-10 13:02:18', '2024-05-10 13:05:56', '663e1ad79d8eb'),
(62, NULL, 'quj4l620ra7j8p769b5fdnao1k', '2024-05-10 13:04:46', '2024-05-10 13:06:38', '663e1b6355ff0'),
(63, 19, 'vhog2m05fgdel8edg0ojb6lntk', '2024-05-10 13:09:51', '2024-05-10 13:11:00', '663e1c99b2177'),
(64, 20, '029jt3pgacill1apuhlinku20h', '2024-05-10 13:09:57', '2024-05-10 13:11:24', '663e1c9f95289'),
(65, NULL, 'aq7snk2hup4e3c217gic0kin99', '2024-05-10 13:41:16', '2024-05-10 13:42:02', '663e23f91c3af'),
(66, NULL, '0uukif4r84ms9ihf7oic0f8ump', '2024-05-10 13:44:09', '2024-05-10 13:48:44', '663e248ab9dee'),
(67, NULL, 'ii5ljf1t4tute35q1463k20vge', '2024-05-10 13:53:55', '2024-05-10 13:54:03', '663e26f0479f9'),
(68, 21, 'ii5ljf1t4tute35q1463k20vge', '2024-05-10 13:54:53', '2024-05-10 13:56:45', '663e272b87c55'),
(69, 22, '9ucmbbfnjssuom30is4f65dusb', '2024-05-10 13:56:40', '2024-05-10 13:58:20', '663e27965aa12'),
(70, 23, 'f6adun6tbt7r7fgldpceq3m1vs', '2024-05-10 15:14:46', '2024-05-10 15:17:09', '663e39e203310'),
(71, 24, 'dknsfa4qprv7qv4im0mmbfmc2p', '2024-05-11 08:55:12', '2024-05-11 08:57:47', '663f326c71e54'),
(72, NULL, 'jr7eh7ilds6jms0iiaktsns1nd', '2024-05-11 15:59:01', '2024-05-11 15:59:18', '663f95c1af11e'),
(73, NULL, '806u1dipnnpvqb4pmkhp73jkla', '2024-05-12 17:48:20', '2024-05-12 17:49:33', '664100d46ce32'),
(74, 25, 's6jm2vjccp7dm5dh6l7lpdb11l', '2024-05-13 08:52:16', '2024-05-13 08:54:44', '6641d4bdcfd92'),
(75, 26, '8si8btljv244siilt22s5lbbbr', '2024-05-14 10:14:37', '2024-05-14 10:16:29', '66433989d1d36'),
(76, NULL, 'lethvnc3sddo1usernsujd56rp', '2024-05-15 14:18:05', '2024-05-15 14:18:59', '6644c41746198'),
(77, 27, 'ulsbbejni0vij1kan3vmbfvflk', '2024-05-16 13:42:37', '2024-05-16 13:46:48', '66460d46d6cb2'),
(78, NULL, 'k6ef30q9rhj6esdhh2gi2vhr4v', '2024-05-17 14:57:19', '2024-05-17 14:58:23', '66477049e9ad6'),
(79, NULL, '05gqndgh1a1ihhegpmc2o3q2nk', '2024-05-21 11:06:18', '2024-05-21 11:06:50', '664c8026321ba'),
(80, 28, 'muru62lppr1sr30v6sjkihqevu', '2024-05-21 11:14:58', '2024-05-21 11:17:19', '664c822f7f778'),
(81, NULL, 'pgrmu2o4uqlapke3734k628kgc', '2024-05-21 13:02:03', '2024-05-21 13:03:10', '664c9b4113448'),
(82, NULL, 'pgrmu2o4uqlapke3734k628kgc', '2024-05-21 13:04:05', '2024-05-21 13:04:25', '664c9bc16a646'),
(83, 29, 'pgrmu2o4uqlapke3734k628kgc', '2024-05-21 13:05:03', '2024-05-21 13:05:46', '664c9bfd31dbf'),
(84, NULL, 'qa3f5mgm9h7qqoch8dqjbhr57t', '2024-05-21 16:25:30', '2024-05-21 16:25:30', '664ccacc72a85'),
(85, NULL, 'dj3uond7rqoe4vun1oa4pif4u1', '2024-05-21 17:20:53', '2024-05-21 17:22:19', '664cd7db27c05'),
(86, 30, 'dj3uond7rqoe4vun1oa4pif4u1', '2024-05-21 17:23:24', '2024-05-21 17:25:14', '664cd884bba03'),
(87, NULL, 'kv5qeu6bco9h4fecjvndni6dli', '2024-05-22 07:01:57', '2024-05-22 07:02:37', '664d972f9bb3f'),
(88, 31, 'au2a5bmdvudjbum67qcs380hbk', '2024-05-22 07:35:16', '2024-05-22 07:37:05', '664da0329e0ec'),
(89, NULL, 'dmr5f6g3tgpp0mq2ed6dtof6p3', '2024-05-22 09:52:13', '2024-05-22 09:52:24', '664dc035d4587'),
(90, NULL, 'ufj2bvd1t2smpb445flj5m3rl6', '2024-05-22 13:08:00', '2024-05-22 13:09:13', '664dee22b4974'),
(91, NULL, 'tf1rrsjqladvl9q1rjk1cvd1ko', '2024-05-22 20:06:36', '2024-05-22 20:07:53', '664e5042a4e77'),
(92, NULL, 'vh3chmblae9hh0dfroj0juqrg4', '2024-05-24 09:31:21', '2024-05-24 09:33:36', '66505e64b5033'),
(93, NULL, '9ls35tonq4iq28bbfp57enillj', '2024-05-24 12:35:34', '2024-05-24 12:35:55', '665089924c7f6'),
(94, 32, 'kp3t2pml7h8ig9sngv9osrkq99', '2024-05-24 13:12:24', '2024-05-24 13:15:45', '66509230b8d36'),
(95, NULL, '2fbpvdj10vkvh64kp065d6dufu', '2024-05-24 13:40:11', '2024-05-24 13:41:02', '665098b7e1c72'),
(96, NULL, 'as2hbshb7rrnpbfgtgftt30h82', '2024-05-24 13:45:23', '2024-05-24 13:45:23', '665099e49dba9'),
(97, NULL, 'ks3ehkkpqvlree8bg0334uhc47', '2024-05-25 18:35:46', '2024-05-25 18:35:56', '66522f78cccfa'),
(98, NULL, 'st8j5v72e88bv1hp2bgmb9rljm', '2024-05-27 07:49:09', '2024-05-27 07:50:09', '66543aea19e81'),
(99, 34, 'j5ca7alilsugir49j6acpgkadg', '2024-05-27 08:01:54', '2024-05-27 08:08:10', '66543de9674e7'),
(100, 33, '9fo822nqcidq70ao9q889ldp2n', '2024-05-27 08:03:49', '2024-05-27 08:06:41', '66543e62e2a1b'),
(101, 35, 'ol1o6nhe4mo4mbtav65ornun4k', '2024-05-27 08:06:43', '2024-05-27 08:09:56', '66543f0e891f9'),
(102, 36, 'q70vbh8dmmsafe1hpu4k78kt5b', '2024-05-27 08:11:21', '2024-05-27 08:14:37', '6654401f81456'),
(103, 37, 'ekbf8ui6fcmab65voprnelumqv', '2024-05-27 08:25:39', '2024-05-27 08:27:56', '6654438198a63'),
(104, 38, 'ndlu07dh4l10jtg2q7kdutn02j', '2024-05-27 08:28:27', '2024-05-27 08:31:26', '665444226de00'),
(105, NULL, '5tpjrgaip3ha7npak947u1s8j7', '2024-05-27 09:13:47', '2024-05-27 09:16:24', '66544ec71bada'),
(106, NULL, 'usesmms625msqogcimnoa2q3kt', '2024-05-27 09:28:42', '2024-05-27 09:32:30', '66545245bbe93'),
(107, NULL, '1u5lfbp2ejhdhlalj0fspsh3nj', '2024-05-27 10:21:19', '2024-05-27 10:25:11', '66545e9602d4a'),
(108, NULL, 'r92f9elu2ickoj1ipg13c3ltv7', '2024-05-27 10:27:52', '2024-05-27 10:28:57', '6654602433719'),
(109, 39, 'r92f9elu2ickoj1ipg13c3ltv7', '2024-05-27 10:29:27', '2024-05-27 10:30:29', '66546083edb22'),
(110, NULL, '922e3imqn6es0jte9u6rvma0bc', '2024-05-27 10:40:48', '2024-05-27 10:45:10', '66546327f362c'),
(111, NULL, 'h0vjff7he6o1dsr36b8tga3amr', '2024-05-27 10:46:30', '2024-05-27 10:47:37', '6654648005b31'),
(112, 40, 'supprh4ovr1verpqtgbm2n4c97', '2024-05-27 10:48:24', '2024-05-27 10:50:12', '665464f3964c0'),
(113, 41, 'rhdt0pg6k9huqvpqn71tb7kkpr', '2024-05-27 10:48:34', '2024-05-27 10:50:13', '665464fe92cd0'),
(114, 42, 'h0vjff7he6o1dsr36b8tga3amr', '2024-05-27 10:49:25', '2024-05-27 10:50:55', '665465337f2d6'),
(115, 43, '922e3imqn6es0jte9u6rvma0bc', '2024-05-27 10:50:23', '2024-05-27 10:52:21', '6654656dd4603'),
(116, 44, 'gllb6a9fhj3rh29joilkv03349', '2024-05-27 10:53:23', '2024-05-27 10:57:04', '6654661d2a267'),
(117, NULL, '02ctsjp7r0sbd1rajj634302ru', '2024-05-27 10:59:47', '2024-05-27 11:00:32', '665467a02bc09'),
(118, 46, 'kq2cb4m13ioiaoqqv2v46dduf0', '2024-05-27 11:00:58', '2024-05-27 11:06:21', '665467e65824c'),
(119, 45, 'm2tdnc2befu6c3plc9qi2pb1dl', '2024-05-27 11:00:59', '2024-05-27 11:03:00', '665467e35485c'),
(120, 47, '3bp36aqtkbeclh4b4irilekku6', '2024-05-27 11:05:23', '2024-05-27 11:07:08', '665468eddef2e'),
(121, 48, '93l3f3jkgae70s6rnt1e6cp60i', '2024-05-27 11:09:31', '2024-05-27 11:12:42', '665469e2439ea'),
(122, 49, 'ij0oln0rchfdboit6ielpq0q7k', '2024-05-27 11:24:30', '2024-05-27 11:26:47', '66546d69ba794'),
(123, 50, 'b6dnf3q8ts0vl286e8m80had21', '2024-05-27 11:32:37', '2024-05-27 11:37:59', '66546f546cf9a'),
(124, 51, 'rf54cmsjp86qv9m14v541agenf', '2024-05-27 11:49:17', '2024-05-27 11:50:24', '66547339dac7f'),
(125, 52, '0fv2cr745eh6k8g99dpoo29npa', '2024-05-27 11:49:49', '2024-05-27 11:52:42', '66547354429af'),
(126, 53, '2a82vimi4mtntbiho1sk7r06nl', '2024-05-27 11:53:37', '2024-05-27 11:55:37', '6654743e1f278'),
(127, 54, '3v66aj543f4r013ujd8tnelbb0', '2024-05-27 12:18:39', '2024-05-27 12:23:22', '66547a19c684d'),
(128, NULL, 'lejnh6j7talq2gkt2c1qcoekj7', '2024-05-27 13:07:05', '2024-05-27 13:32:12', '6654856eedb2f'),
(129, 55, '6qac7t499672443jmfurg365v2', '2024-05-27 13:09:38', '2024-05-27 13:12:37', '66548609a0ea6'),
(130, NULL, '08nthj4e6a259ohdlvm4klrmc9', '2024-05-27 13:17:16', '2024-05-27 13:19:01', '665487d327075'),
(131, NULL, '0r41u6dujd3k2lo0e411hlo7cr', '2024-05-27 13:18:31', '2024-05-27 13:21:51', '6654881a4f301'),
(132, 56, 'lejnh6j7talq2gkt2c1qcoekj7', '2024-05-27 13:33:12', '2024-05-27 13:34:27', '66548b9598077'),
(133, 57, 'g6btdm5cj08jhpbs5ehb9nijl8', '2024-05-27 19:10:44', '2024-05-27 19:12:22', '6654daaca373a'),
(134, 59, '3spbn68tgvfa8vjb3j47sn207l', '2024-05-28 06:07:58', '2024-05-28 06:10:23', '665574b80b7e3'),
(135, 58, 'beg1di618gut56255svtpcvopa', '2024-05-28 06:08:29', '2024-05-28 06:10:06', '665574d84d0f5'),
(136, 60, 'p6vdmtiu35t6jc6bu3n0s66ub0', '2024-05-28 09:59:06', '2024-05-28 10:02:46', '6655aae71b774'),
(137, 62, 'q6eq3ehdq1rj0c9tt6brcm9p9m', '2024-05-28 10:18:32', '2024-05-28 10:20:33', '6655af770db18'),
(138, 63, 'q6eq3ehdq1rj0c9tt6brcm9p9m', '2024-05-28 10:22:25', '2024-05-28 10:27:12', '6655aff1cbaca'),
(139, 64, 'q6eq3ehdq1rj0c9tt6brcm9p9m', '2024-05-28 11:17:37', '2024-05-28 11:19:39', '6655bd4f156ac'),
(140, 65, 'rmnnfqe0h2pai8rrnb8nqsb9ko', '2024-05-28 11:21:21', '2024-05-28 11:24:04', '6655be29be40d'),
(141, 66, 'rmnnfqe0h2pai8rrnb8nqsb9ko', '2024-05-28 11:29:50', '2024-05-28 11:31:48', '6655c029d1364'),
(142, NULL, 'hgb3c3rfnafau5c74krv39a773', '2024-05-28 11:37:39', '2024-05-28 11:39:18', '6655c200d9c9a'),
(143, 67, '9cheb6u8e5lv7sli90aekevee8', '2024-05-28 11:42:16', '2024-05-28 11:43:44', '6655c30edcb58'),
(144, 68, 'et28fipg79i8r99qlfa97lp7hr', '2024-05-28 11:45:58', '2024-05-28 11:47:36', '6655c3f448a16'),
(145, 69, 'lkalhiph63at65scof719c87tm', '2024-05-28 11:52:31', '2024-05-28 11:54:24', '6655c57b41dec'),
(146, 70, 'p1jvbcd0plbdqc0b113p3tvbuu', '2024-05-28 12:23:42', '2024-05-28 12:25:30', '6655ccc6dd6cb'),
(147, 71, 'd7kqstcjsavshahjqi2tof61v2', '2024-05-28 12:24:12', '2024-05-28 12:26:27', '6655cce3d6f2f'),
(148, NULL, '8nt0gb2b87n7gpgue1a8hpreg5', '2024-05-28 14:20:08', '2024-05-28 14:21:04', '6655e80c90fa6'),
(149, 72, 'tbh5a95qnjsvqjol5dujdinpfv', '2024-05-29 07:18:54', '2024-05-29 07:20:36', '6656d6db3ed5e'),
(150, 73, 'ur085u23q4s44fir98helk3lon', '2024-05-29 08:17:36', '2024-05-29 08:19:17', '6656e49af2637'),
(151, 74, '8bih5bmsm4qrlb5mb07v1dqv9b', '2024-05-29 08:49:35', '2024-05-29 08:50:31', '6656ec1e29256'),
(152, NULL, 'r86v59jgfgjeob8rt0sa4k9pm4', '2024-05-29 09:01:18', '2024-05-29 09:01:18', '6656eed917c2e'),
(153, 75, 'h0pao0hgk6ol6m0ck1eal1e9c7', '2024-05-29 10:46:40', '2024-05-29 10:52:13', '6657078b940c7'),
(154, NULL, 'ikhhdrkudpq51tv1djv1ntug6u', '2024-05-29 12:16:38', '2024-05-29 12:19:54', '66571ca0a3c8e'),
(155, 76, 'ikhhdrkudpq51tv1djv1ntug6u', '2024-05-29 12:20:44', '2024-05-29 12:21:17', '66571d99a707a'),
(156, 77, '0s518ten951mm03i1knav6ml4d', '2024-05-29 13:24:21', '2024-05-29 13:26:10', '66572c821d7e8'),
(157, 78, '9b0l8uc1reuppd38qcle8okaic', '2024-05-30 06:55:40', '2024-05-30 06:57:09', '665822e91ffd5'),
(158, 79, 'mv8aqg167p68cmdhaamr3c865l', '2024-05-31 11:13:08', '2024-05-31 11:16:23', '6659b0c0f3360'),
(159, NULL, 'o1jk30d2jg4972nnvnnsf6lge2', '2024-06-01 10:12:30', '2024-06-01 10:14:41', '665af40b9de33'),
(160, 80, 'di2mh28h9a882put5jrjmki3fi', '2024-06-03 16:31:31', '2024-06-03 16:32:54', '665defd5e98eb'),
(161, NULL, '53lseuh1m6pm3578mvgcr91nk9', '2024-06-05 13:28:45', '2024-06-05 13:30:35', '6660680710566'),
(162, 81, 'thj7ad3ig5ohtqqs88oeili9ob', '2024-06-06 09:57:46', '2024-06-06 09:59:17', '666188120b3f8'),
(163, NULL, 'rc42p6h28b0re4tl7n1fm7dbbf', '2024-06-06 16:13:36', '2024-06-06 16:16:00', '6661df0cb9949'),
(164, NULL, 'ek0huvc85ddbkj7l10om8md3hr', '2024-06-06 16:50:51', '2024-06-06 16:51:40', '6661e8eaa02e6'),
(165, NULL, 'ek0huvc85ddbkj7l10om8md3hr', '2024-06-06 16:51:52', '2024-06-06 16:52:06', '6661e927078eb'),
(166, NULL, 'ek0huvc85ddbkj7l10om8md3hr', '2024-06-06 16:52:27', '2024-06-06 16:52:44', '6661e9497e8dc'),
(167, 82, 'ek0huvc85ddbkj7l10om8md3hr', '2024-06-06 16:52:55', '2024-06-06 17:10:38', '6661e9658fe83'),
(168, NULL, 'ek0huvc85ddbkj7l10om8md3hr', '2024-06-06 17:11:32', '2024-06-06 17:11:40', '6661edc32f77c'),
(169, NULL, 'ek0huvc85ddbkj7l10om8md3hr', '2024-06-06 17:13:20', '2024-06-06 17:13:32', '6661ee2da93a8'),
(170, NULL, 'ek0huvc85ddbkj7l10om8md3hr', '2024-06-06 17:13:47', '2024-06-06 17:13:59', '6661ee49a38ff'),
(171, NULL, 'f7dolmksk659vkmvao48f74053', '2024-06-07 08:49:10', '2024-06-07 08:49:34', '6662c9836d9b0');

-- --------------------------------------------------------

--
-- Structure de la table `participation_answer`
--

CREATE TABLE `participation_answer` (
  `participation_id` int(11) NOT NULL,
  `answer_id` int(11) NOT NULL
) ENGINE=InnoDB DEFAULT CHARSET=utf8mb4 COLLATE=utf8mb4_unicode_ci;

--
-- Déchargement des données de la table `participation_answer`
--

INSERT INTO `participation_answer` (`participation_id`, `answer_id`) VALUES
(2, 1),
(2, 6),
(2, 11),
(2, 16),
(2, 19),
(3, 1),
(3, 6),
(3, 11),
(3, 16),
(3, 19),
(4, 2),
(4, 6),
(4, 12),
(4, 16),
(4, 19),
(5, 5),
(5, 6),
(5, 11),
(5, 16),
(5, 19),
(6, 1),
(6, 7),
(6, 11),
(6, 16),
(6, 19),
(7, 1),
(7, 6),
(7, 11),
(7, 16),
(7, 19),
(8, 3),
(8, 7),
(8, 10),
(8, 17),
(8, 20),
(9, 2),
(9, 9),
(9, 12),
(9, 14),
(9, 21),
(10, 5),
(10, 8),
(10, 11),
(10, 16),
(10, 20),
(11, 1),
(12, 1),
(12, 6),
(12, 11),
(12, 16),
(12, 19),
(14, 1),
(14, 6),
(14, 13),
(14, 16),
(14, 19),
(15, 1),
(16, 5),
(16, 7),
(16, 12),
(16, 16),
(16, 19),
(17, 5),
(17, 6),
(17, 11),
(17, 16),
(17, 19),
(18, 5),
(18, 9),
(18, 12),
(18, 14),
(18, 19),
(19, 5),
(19, 9),
(19, 12),
(19, 14),
(19, 19),
(20, 5),
(20, 6),
(20, 11),
(20, 16),
(20, 19),
(21, 1),
(21, 6),
(21, 10),
(21, 14),
(21, 18),
(23, 1),
(23, 6),
(23, 11),
(23, 16),
(23, 19),
(24, 1),
(24, 6),
(24, 11),
(24, 16),
(24, 19),
(25, 5),
(25, 7),
(25, 11),
(25, 14),
(25, 19),
(26, 5),
(26, 6),
(26, 11),
(26, 16),
(26, 19),
(31, 5),
(31, 9),
(31, 11),
(31, 14),
(31, 19),
(32, 5),
(32, 6),
(32, 11),
(32, 16),
(32, 19),
(35, 1),
(35, 9),
(35, 12),
(35, 14),
(35, 19),
(38, 1),
(38, 6),
(38, 11),
(38, 16),
(38, 19),
(40, 1),
(41, 3),
(41, 7),
(41, 11),
(41, 15),
(41, 19),
(42, 5),
(42, 9),
(42, 12),
(42, 14),
(42, 19),
(51, 5),
(51, 9),
(51, 11),
(51, 16),
(51, 19),
(52, 2),
(52, 6),
(52, 12),
(52, 16),
(52, 19),
(53, 2),
(53, 6),
(53, 11),
(53, 16),
(53, 19),
(54, 2),
(54, 6),
(54, 11),
(54, 16),
(54, 19),
(55, 2),
(55, 6),
(55, 11),
(55, 16),
(55, 19),
(56, 2),
(56, 6),
(56, 11),
(56, 16),
(56, 19),
(57, 5),
(57, 6),
(57, 11),
(57, 16),
(57, 19),
(58, 2),
(58, 6),
(58, 11),
(58, 16),
(58, 19),
(59, 2),
(59, 6),
(59, 11),
(59, 16),
(59, 19),
(60, 2),
(60, 6),
(60, 11),
(60, 16),
(60, 19),
(61, 5),
(61, 6),
(61, 11),
(61, 16),
(61, 19),
(62, 2),
(62, 7),
(62, 12),
(62, 16),
(62, 19),
(63, 2),
(63, 6),
(63, 11),
(63, 16),
(63, 19),
(64, 2),
(64, 6),
(64, 11),
(64, 16),
(64, 19),
(65, 2),
(65, 7),
(65, 11),
(65, 14),
(65, 19),
(66, 5),
(66, 6),
(66, 11),
(66, 14),
(66, 19),
(67, 5),
(68, 2),
(68, 6),
(68, 11),
(68, 16),
(68, 19),
(69, 5),
(69, 6),
(69, 11),
(69, 16),
(69, 19),
(70, 2),
(70, 6),
(70, 11),
(70, 16),
(70, 19),
(71, 5),
(71, 6),
(71, 11),
(71, 16),
(71, 19),
(72, 5),
(73, 5),
(73, 7),
(73, 11),
(73, 17),
(73, 21),
(74, 1),
(74, 6),
(74, 11),
(74, 16),
(74, 19),
(75, 5),
(75, 6),
(75, 11),
(75, 16),
(75, 19),
(76, 5),
(76, 9),
(76, 12),
(76, 14),
(76, 19),
(77, 2),
(77, 6),
(77, 11),
(77, 16),
(77, 19),
(78, 5),
(78, 9),
(78, 11),
(79, 2),
(79, 9),
(79, 12),
(79, 16),
(79, 19),
(80, 1),
(80, 6),
(80, 11),
(80, 16),
(80, 19),
(81, 2),
(81, 9),
(81, 11),
(81, 14),
(81, 19),
(82, 5),
(82, 7),
(82, 11),
(82, 16),
(82, 19),
(83, 5),
(83, 6),
(83, 11),
(83, 16),
(83, 19),
(85, 2),
(85, 8),
(85, 12),
(85, 16),
(85, 19),
(86, 5),
(86, 6),
(86, 11),
(86, 16),
(86, 19),
(87, 5),
(87, 9),
(87, 12),
(87, 16),
(87, 19),
(88, 1),
(88, 6),
(88, 11),
(88, 16),
(88, 19),
(89, 5),
(90, 5),
(90, 8),
(90, 10),
(90, 17),
(90, 19),
(91, 5),
(91, 9),
(91, 12),
(91, 14),
(91, 19),
(92, 5),
(92, 6),
(92, 11),
(92, 17),
(92, 19),
(93, 2),
(93, 6),
(93, 11),
(93, 16),
(93, 20),
(94, 2),
(94, 6),
(94, 11),
(94, 16),
(94, 19),
(95, 1),
(95, 9),
(95, 11),
(95, 16),
(95, 19),
(97, 5),
(98, 5),
(98, 6),
(98, 11),
(98, 17),
(98, 21),
(99, 5),
(99, 6),
(99, 11),
(99, 16),
(99, 19),
(100, 2),
(100, 6),
(100, 11),
(100, 16),
(100, 19),
(101, 5),
(101, 6),
(101, 11),
(101, 16),
(101, 19),
(102, 5),
(102, 6),
(102, 11),
(102, 16),
(102, 19),
(103, 2),
(103, 6),
(103, 11),
(103, 16),
(103, 19),
(104, 2),
(104, 6),
(104, 11),
(104, 16),
(104, 19),
(105, 2),
(105, 8),
(105, 12),
(105, 14),
(105, 19),
(106, 2),
(106, 8),
(106, 11),
(106, 16),
(106, 19),
(107, 5),
(107, 6),
(107, 11),
(107, 17),
(107, 21),
(108, 2),
(108, 7),
(108, 12),
(108, 16),
(108, 19),
(109, 2),
(109, 6),
(109, 11),
(109, 16),
(109, 19),
(110, 1),
(110, 6),
(110, 11),
(110, 17),
(110, 19),
(111, 4),
(112, 5),
(112, 6),
(112, 11),
(112, 16),
(112, 19),
(113, 5),
(113, 6),
(113, 11),
(113, 16),
(113, 19),
(114, 2),
(114, 6),
(114, 11),
(114, 16),
(114, 19),
(115, 5),
(115, 6),
(115, 11),
(115, 16),
(115, 19),
(116, 5),
(116, 6),
(116, 11),
(116, 16),
(116, 19),
(117, 5),
(117, 9),
(117, 11),
(117, 14),
(117, 19),
(118, 5),
(118, 6),
(118, 11),
(118, 16),
(118, 19),
(119, 5),
(119, 6),
(119, 11),
(119, 16),
(119, 19),
(120, 5),
(120, 6),
(120, 11),
(120, 16),
(120, 19),
(121, 5),
(121, 6),
(121, 11),
(121, 16),
(121, 19),
(122, 5),
(122, 6),
(122, 11),
(122, 16),
(122, 19),
(123, 5),
(123, 6),
(123, 11),
(123, 16),
(123, 19),
(124, 5),
(124, 6),
(124, 11),
(124, 16),
(124, 19),
(125, 5),
(125, 6),
(125, 11),
(125, 16),
(125, 19),
(126, 5),
(126, 6),
(126, 11),
(126, 16),
(126, 19),
(127, 5),
(127, 6),
(127, 11),
(127, 16),
(127, 19),
(128, 5),
(128, 6),
(128, 12),
(128, 16),
(128, 19),
(129, 5),
(129, 6),
(129, 11),
(129, 16),
(129, 19),
(130, 1),
(130, 9),
(130, 12),
(130, 17),
(130, 19),
(131, 2),
(131, 6),
(131, 11),
(131, 15),
(131, 19),
(132, 5),
(132, 6),
(132, 11),
(132, 16),
(132, 19),
(133, 2),
(133, 6),
(133, 11),
(133, 16),
(133, 19),
(134, 5),
(134, 6),
(134, 11),
(134, 16),
(134, 19),
(135, 5),
(135, 6),
(135, 11),
(135, 16),
(135, 19),
(136, 5),
(136, 6),
(136, 11),
(136, 16),
(136, 19),
(137, 5),
(137, 6),
(137, 11),
(137, 16),
(137, 19),
(138, 5),
(138, 6),
(138, 11),
(138, 16),
(138, 19),
(139, 5),
(139, 6),
(139, 11),
(139, 16),
(139, 19),
(140, 2),
(140, 6),
(140, 11),
(140, 16),
(140, 19),
(141, 2),
(141, 6),
(141, 11),
(141, 16),
(141, 19),
(142, 2),
(142, 6),
(142, 11),
(142, 16),
(143, 2),
(143, 6),
(143, 11),
(143, 16),
(143, 19),
(144, 5),
(144, 6),
(144, 11),
(144, 16),
(144, 19),
(145, 2),
(145, 6),
(145, 11),
(145, 16),
(145, 19),
(146, 2),
(146, 6),
(146, 11),
(146, 16),
(146, 19),
(147, 5),
(147, 6),
(147, 11),
(147, 16),
(147, 19),
(148, 1),
(148, 7),
(148, 11),
(148, 16),
(148, 20),
(149, 5),
(149, 6),
(149, 11),
(149, 16),
(149, 19),
(150, 5),
(150, 6),
(150, 11),
(150, 16),
(150, 19),
(151, 5),
(151, 6),
(151, 11),
(151, 16),
(151, 19),
(153, 5),
(153, 6),
(153, 11),
(153, 16),
(153, 19),
(154, 2),
(154, 6),
(154, 11),
(154, 16),
(154, 20),
(155, 2),
(155, 6),
(155, 11),
(155, 16),
(155, 19),
(156, 1),
(156, 6),
(156, 11),
(156, 16),
(156, 19),
(157, 2),
(157, 6),
(157, 11),
(157, 16),
(157, 19),
(158, 2),
(158, 6),
(158, 11),
(158, 16),
(158, 19),
(159, 5),
(159, 6),
(159, 11),
(159, 14),
(159, 19),
(160, 5),
(160, 6),
(160, 11),
(160, 16),
(160, 19),
(161, 5),
(161, 7),
(161, 11),
(161, 14),
(161, 19),
(162, 2),
(162, 6),
(162, 11),
(162, 16),
(162, 19),
(163, 2),
(163, 8),
(163, 11),
(163, 17),
(163, 18),
(164, 2),
(164, 8),
(164, 11),
(164, 16),
(164, 19),
(165, 1),
(165, 8),
(165, 11),
(165, 16),
(165, 19),
(166, 3),
(166, 8),
(166, 11),
(166, 16),
(166, 19),
(167, 3),
(167, 6),
(167, 11),
(167, 16),
(167, 19),
(168, 2),
(168, 9),
(168, 13),
(168, 16),
(168, 19),
(169, 2),
(169, 8),
(169, 11),
(169, 16),
(169, 19),
(170, 2),
(170, 6),
(170, 11),
(170, 16),
(170, 19),
(171, 3),
(171, 6),
(171, 11),
(171, 16),
(171, 19);

-- --------------------------------------------------------

--
-- Structure de la table `participation_question`
--

CREATE TABLE `participation_question` (
  `participation_id` int(11) NOT NULL,
  `question_id` int(11) NOT NULL
) ENGINE=InnoDB DEFAULT CHARSET=utf8mb4 COLLATE=utf8mb4_unicode_ci;

--
-- Déchargement des données de la table `participation_question`
--

INSERT INTO `participation_question` (`participation_id`, `question_id`) VALUES
(2, 1),
(2, 2),
(2, 3),
(2, 4),
(2, 5),
(3, 1),
(3, 2),
(3, 3),
(3, 4),
(3, 5),
(4, 1),
(4, 2),
(4, 3),
(4, 4),
(4, 5),
(5, 1),
(5, 2),
(5, 3),
(5, 4),
(5, 5),
(6, 1),
(6, 2),
(6, 3),
(6, 4),
(6, 5),
(7, 1),
(7, 2),
(7, 3),
(7, 4),
(7, 5),
(8, 1),
(8, 2),
(8, 3),
(8, 4),
(8, 5),
(9, 1),
(9, 2),
(9, 3),
(9, 4),
(9, 5),
(10, 1),
(10, 2),
(10, 3),
(10, 4),
(10, 5),
(11, 1),
(12, 1),
(12, 2),
(12, 3),
(12, 4),
(12, 5),
(14, 1),
(14, 2),
(14, 3),
(14, 4),
(14, 5),
(15, 1),
(16, 1),
(16, 2),
(16, 3),
(16, 4),
(16, 5),
(17, 1),
(17, 2),
(17, 3),
(17, 4),
(17, 5),
(18, 1),
(18, 2),
(18, 3),
(18, 4),
(18, 5),
(19, 1),
(19, 2),
(19, 3),
(19, 4),
(19, 5),
(20, 1),
(20, 2),
(20, 3),
(20, 4),
(20, 5),
(21, 1),
(21, 2),
(21, 3),
(21, 4),
(21, 5),
(23, 1),
(23, 2),
(23, 3),
(23, 4),
(23, 5),
(24, 1),
(24, 2),
(24, 3),
(24, 4),
(24, 5),
(25, 1),
(25, 2),
(25, 3),
(25, 4),
(25, 5),
(26, 1),
(26, 2),
(26, 3),
(26, 4),
(26, 5),
(31, 1),
(31, 2),
(31, 3),
(31, 4),
(31, 5),
(32, 1),
(32, 2),
(32, 3),
(32, 4),
(32, 5),
(35, 1),
(35, 2),
(35, 3),
(35, 4),
(35, 5),
(38, 1),
(38, 2),
(38, 3),
(38, 4),
(38, 5),
(40, 1),
(41, 1),
(41, 2),
(41, 3),
(41, 4),
(41, 5),
(42, 1),
(42, 2),
(42, 3),
(42, 4),
(42, 5),
(51, 1),
(51, 2),
(51, 3),
(51, 4),
(51, 5),
(52, 1),
(52, 2),
(52, 3),
(52, 4),
(52, 5),
(53, 1),
(53, 2),
(53, 3),
(53, 4),
(53, 5),
(54, 1),
(54, 2),
(54, 3),
(54, 4),
(54, 5),
(55, 1),
(55, 2),
(55, 3),
(55, 4),
(55, 5),
(56, 1),
(56, 2),
(56, 3),
(56, 4),
(56, 5),
(57, 1),
(57, 2),
(57, 3),
(57, 4),
(57, 5),
(58, 1),
(58, 2),
(58, 3),
(58, 4),
(58, 5),
(59, 1),
(59, 2),
(59, 3),
(59, 4),
(59, 5),
(60, 1),
(60, 2),
(60, 3),
(60, 4),
(60, 5),
(61, 1),
(61, 2),
(61, 3),
(61, 4),
(61, 5),
(62, 1),
(62, 2),
(62, 3),
(62, 4),
(62, 5),
(63, 1),
(63, 2),
(63, 3),
(63, 4),
(63, 5),
(64, 1),
(64, 2),
(64, 3),
(64, 4),
(64, 5),
(65, 1),
(65, 2),
(65, 3),
(65, 4),
(65, 5),
(66, 1),
(66, 2),
(66, 3),
(66, 4),
(66, 5),
(67, 1),
(68, 1),
(68, 2),
(68, 3),
(68, 4),
(68, 5),
(69, 1),
(69, 2),
(69, 3),
(69, 4),
(69, 5),
(70, 1),
(70, 2),
(70, 3),
(70, 4),
(70, 5),
(71, 1),
(71, 2),
(71, 3),
(71, 4),
(71, 5),
(72, 1),
(73, 1),
(73, 2),
(73, 3),
(73, 4),
(73, 5),
(74, 1),
(74, 2),
(74, 3),
(74, 4),
(74, 5),
(75, 1),
(75, 2),
(75, 3),
(75, 4),
(75, 5),
(76, 1),
(76, 2),
(76, 3),
(76, 4),
(76, 5),
(77, 1),
(77, 2),
(77, 3),
(77, 4),
(77, 5),
(78, 1),
(78, 2),
(78, 3),
(79, 1),
(79, 2),
(79, 3),
(79, 4),
(79, 5),
(80, 1),
(80, 2),
(80, 3),
(80, 4),
(80, 5),
(81, 1),
(81, 2),
(81, 3),
(81, 4),
(81, 5),
(82, 1),
(82, 2),
(82, 3),
(82, 4),
(82, 5),
(83, 1),
(83, 2),
(83, 3),
(83, 4),
(83, 5),
(85, 1),
(85, 2),
(85, 3),
(85, 4),
(85, 5),
(86, 1),
(86, 2),
(86, 3),
(86, 4),
(86, 5),
(87, 1),
(87, 2),
(87, 3),
(87, 4),
(87, 5),
(88, 1),
(88, 2),
(88, 3),
(88, 4),
(88, 5),
(89, 1),
(90, 1),
(90, 2),
(90, 3),
(90, 4),
(90, 5),
(91, 1),
(91, 2),
(91, 3),
(91, 4),
(91, 5),
(92, 1),
(92, 2),
(92, 3),
(92, 4),
(92, 5),
(93, 1),
(93, 2),
(93, 3),
(93, 4),
(93, 5),
(94, 1),
(94, 2),
(94, 3),
(94, 4),
(94, 5),
(95, 1),
(95, 2),
(95, 3),
(95, 4),
(95, 5),
(97, 1),
(98, 1),
(98, 2),
(98, 3),
(98, 4),
(98, 5),
(99, 1),
(99, 2),
(99, 3),
(99, 4),
(99, 5),
(100, 1),
(100, 2),
(100, 3),
(100, 4),
(100, 5),
(101, 1),
(101, 2),
(101, 3),
(101, 4),
(101, 5),
(102, 1),
(102, 2),
(102, 3),
(102, 4),
(102, 5),
(103, 1),
(103, 2),
(103, 3),
(103, 4),
(103, 5),
(104, 1),
(104, 2),
(104, 3),
(104, 4),
(104, 5),
(105, 1),
(105, 2),
(105, 3),
(105, 4),
(105, 5),
(106, 1),
(106, 2),
(106, 3),
(106, 4),
(106, 5),
(107, 1),
(107, 2),
(107, 3),
(107, 4),
(107, 5),
(108, 1),
(108, 2),
(108, 3),
(108, 4),
(108, 5),
(109, 1),
(109, 2),
(109, 3),
(109, 4),
(109, 5),
(110, 1),
(110, 2),
(110, 3),
(110, 4),
(110, 5),
(111, 1),
(112, 1),
(112, 2),
(112, 3),
(112, 4),
(112, 5),
(113, 1),
(113, 2),
(113, 3),
(113, 4),
(113, 5),
(114, 1),
(114, 2),
(114, 3),
(114, 4),
(114, 5),
(115, 1),
(115, 2),
(115, 3),
(115, 4),
(115, 5),
(116, 1),
(116, 2),
(116, 3),
(116, 4),
(116, 5),
(117, 1),
(117, 2),
(117, 3),
(117, 4),
(117, 5),
(118, 1),
(118, 2),
(118, 3),
(118, 4),
(118, 5),
(119, 1),
(119, 2),
(119, 3),
(119, 4),
(119, 5),
(120, 1),
(120, 2),
(120, 3),
(120, 4),
(120, 5),
(121, 1),
(121, 2),
(121, 3),
(121, 4),
(121, 5),
(122, 1),
(122, 2),
(122, 3),
(122, 4),
(122, 5),
(123, 1),
(123, 2),
(123, 3),
(123, 4),
(123, 5),
(124, 1),
(124, 2),
(124, 3),
(124, 4),
(124, 5),
(125, 1),
(125, 2),
(125, 3),
(125, 4),
(125, 5),
(126, 1),
(126, 2),
(126, 3),
(126, 4),
(126, 5),
(127, 1),
(127, 2),
(127, 3),
(127, 4),
(127, 5),
(128, 1),
(128, 2),
(128, 3),
(128, 4),
(128, 5),
(129, 1),
(129, 2),
(129, 3),
(129, 4),
(129, 5),
(130, 1),
(130, 2),
(130, 3),
(130, 4),
(130, 5),
(131, 1),
(131, 2),
(131, 3),
(131, 4),
(131, 5),
(132, 1),
(132, 2),
(132, 3),
(132, 4),
(132, 5),
(133, 1),
(133, 2),
(133, 3),
(133, 4),
(133, 5),
(134, 1),
(134, 2),
(134, 3),
(134, 4),
(134, 5),
(135, 1),
(135, 2),
(135, 3),
(135, 4),
(135, 5),
(136, 1),
(136, 2),
(136, 3),
(136, 4),
(136, 5),
(137, 1),
(137, 2),
(137, 3),
(137, 4),
(137, 5),
(138, 1),
(138, 2),
(138, 3),
(138, 4),
(138, 5),
(139, 1),
(139, 2),
(139, 3),
(139, 4),
(139, 5),
(140, 1),
(140, 2),
(140, 3),
(140, 4),
(140, 5),
(141, 1),
(141, 2),
(141, 3),
(141, 4),
(141, 5),
(142, 1),
(142, 2),
(142, 3),
(142, 4),
(143, 1),
(143, 2),
(143, 3),
(143, 4),
(143, 5),
(144, 1),
(144, 2),
(144, 3),
(144, 4),
(144, 5),
(145, 1),
(145, 2),
(145, 3),
(145, 4),
(145, 5),
(146, 1),
(146, 2),
(146, 3),
(146, 4),
(146, 5),
(147, 1),
(147, 2),
(147, 3),
(147, 4),
(147, 5),
(148, 1),
(148, 2),
(148, 3),
(148, 4),
(148, 5),
(149, 1),
(149, 2),
(149, 3),
(149, 4),
(149, 5),
(150, 1),
(150, 2),
(150, 3),
(150, 4),
(150, 5),
(151, 1),
(151, 2),
(151, 3),
(151, 4),
(151, 5),
(153, 1),
(153, 2),
(153, 3),
(153, 4),
(153, 5),
(154, 1),
(154, 2),
(154, 3),
(154, 4),
(154, 5),
(155, 1),
(155, 2),
(155, 3),
(155, 4),
(155, 5),
(156, 1),
(156, 2),
(156, 3),
(156, 4),
(156, 5),
(157, 1),
(157, 2),
(157, 3),
(157, 4),
(157, 5),
(158, 1),
(158, 2),
(158, 3),
(158, 4),
(158, 5),
(159, 1),
(159, 2),
(159, 3),
(159, 4),
(159, 5),
(160, 1),
(160, 2),
(160, 3),
(160, 4),
(160, 5),
(161, 1),
(161, 2),
(161, 3),
(161, 4),
(161, 5),
(162, 1),
(162, 2),
(162, 3),
(162, 4),
(162, 5),
(163, 1),
(163, 2),
(163, 3),
(163, 4),
(163, 5),
(164, 1),
(164, 2),
(164, 3),
(164, 4),
(164, 5),
(165, 1),
(165, 2),
(165, 3),
(165, 4),
(165, 5),
(166, 1),
(166, 2),
(166, 3),
(166, 4),
(166, 5),
(167, 1),
(167, 2),
(167, 3),
(167, 4),
(167, 5),
(168, 1),
(168, 2),
(168, 3),
(168, 4),
(168, 5),
(169, 1),
(169, 2),
(169, 3),
(169, 4),
(169, 5),
(170, 1),
(170, 2),
(170, 3),
(170, 4),
(170, 5),
(171, 1),
(171, 2),
(171, 3),
(171, 4),
(171, 5);

-- --------------------------------------------------------

--
-- Structure de la table `question`
--

CREATE TABLE `question` (
  `id` int(11) NOT NULL,
  `quiz_id` int(11) DEFAULT NULL,
  `answer_choice_id` int(11) DEFAULT NULL,
  `question_text` longtext NOT NULL,
  `hint` longtext NOT NULL,
  `correct_answer_description` varchar(255) NOT NULL
) ENGINE=InnoDB DEFAULT CHARSET=utf8mb4 COLLATE=utf8mb4_unicode_ci;

--
-- Déchargement des données de la table `question`
--

INSERT INTO `question` (`id`, `quiz_id`, `answer_choice_id`, `question_text`, `hint`, `correct_answer_description`) VALUES
(1, NULL, NULL, 'Quelle est votre nouvelle liaison préférée dans le programme Delta Summer 2024 ? ', 'Échauffement', 'Il n\'y a pas de mauvaises réponses. Vous pouvez aimer tous nos vols.'),
(2, NULL, NULL, 'Au départ de combien de pays d\'Europe, du Moyen-Orient, d\'Afrique et d\'Inde (EMEAI) Delta propose-t-elle un service sans escale vers les États-Unis ?', 'Quel que soit votre pays d\'origine, Delta est le choix idéal pour vous rendre aux États-Unis.', '20 pays de la région EMEAI, sont desservis par Delta en vols directs des USA.'),
(3, NULL, NULL, 'Quelle est la destination principale de Delta vers les États-Unis ?', 'Cette ville n\'a jamais été aussi proche avec des vols sans escale depuis 29 villes de la zone EMEAI. ', 'New York n\'a jamais été aussi proche! C\'est la destination transatlantique numéro 1 de Delta.'),
(4, NULL, NULL, 'Quel est le nombre de vols hebdomadaires sans escale assurés par Delta au départ de la zone EMEAI cet été ? ', 'Chacun trouvera forcément un siège à sa convenance avec le plus grand programme transatlantique jamais proposé par Delta.', 'Delta va opérer jusqu\'à 680 vols par semaine cet été au départ de la région EMEAI.'),
(5, NULL, NULL, 'Pour combien de destinations aux États-Unis Delta propose-t-elle des correspondances faciles ?', 'Plus à découvrir dans tous les États-Unis ', 'Delta offre des correspondances faciles vers plus de 200 destinations à travers les États-Unis.');

-- --------------------------------------------------------

--
-- Structure de la table `quiz`
--

CREATE TABLE `quiz` (
  `id` int(11) NOT NULL,
  `created_at` datetime DEFAULT NULL COMMENT '(DC2Type:datetime_immutable)',
  `updated_at` datetime DEFAULT NULL
) ENGINE=InnoDB DEFAULT CHARSET=utf8mb4 COLLATE=utf8mb4_unicode_ci;

-- --------------------------------------------------------

--
-- Structure de la table `user`
--

CREATE TABLE `user` (
  `id` int(11) NOT NULL,
  `email` varchar(180) NOT NULL,
  `first_name` varchar(255) DEFAULT NULL,
  `last_name` varchar(255) DEFAULT NULL,
  `adress` varchar(255) DEFAULT NULL,
  `adress2` varchar(255) DEFAULT NULL,
  `zip_code` varchar(255) DEFAULT NULL,
  `city` varchar(255) DEFAULT NULL,
  `country` varchar(255) DEFAULT NULL,
  `created_at` datetime DEFAULT NULL COMMENT '(DC2Type:datetime_immutable)',
  `updated_at` datetime DEFAULT NULL
) ENGINE=InnoDB DEFAULT CHARSET=utf8mb4 COLLATE=utf8mb4_unicode_ci;

--
-- Déchargement des données de la table `user`
--

INSERT INTO `user` (`id`, `email`, `first_name`, `last_name`, `adress`, `adress2`, `zip_code`, `city`, `country`, `created_at`, `updated_at`) VALUES
(1, 'stefan.x.leboulch@delta.com', 'stephane', 'LEBOULCH', '98 BVD DE SEBASTOPOL', NULL, '75003', 'paris', 'France', '2024-04-30 15:37:44', '2024-04-30 15:37:44'),
(2, 'stefan.x.leboulch@delta.com', 'stephane', 'LEBOULCH', '98 BVD DE SEBASTOPOL', NULL, '75003', 'paris', 'France', '2024-04-30 15:41:09', '2024-04-30 15:41:09'),
(3, 'stefan.x.leboulch@delta.com', 'stephane', 'LEBOULCH', '98 BVD DE SEBASTOPOL', NULL, '75003', 'paris', 'France', '2024-04-30 16:34:48', '2024-04-30 16:34:48'),
(4, 'anja.a.krueger@web.de', 'Anja', 'Holzheuer', 'Test', 'Test', '12345', 'Test', 'Deutschland', '2024-04-30 18:31:30', '2024-04-30 18:31:30'),
(5, 'roberto.renteria@delta.com', 'Roberto', 'Renteria', '8056 Abercrombie Ln', NULL, '55129', 'Woodbury', 'US', '2024-05-01 17:03:42', '2024-05-01 17:03:42'),
(6, 'f.henkels@online.de', 'Frank', 'Henkels', 'Bahnhofstrasse 34a', NULL, '42781', 'Haan', 'Germany', '2024-05-02 13:45:54', '2024-05-02 13:45:54'),
(7, 'JanHoffstadt@gmx.de', 'Jan', 'Hoffstadt', 'Weegener Straße 30', NULL, '53797', 'Lohmar', 'Germany', '2024-05-02 16:06:57', '2024-05-02 16:06:57'),
(8, 'sara79@gmx.de', 'Sandra', 'Talha', 'Roggenstr.10', NULL, '70599', 'Stuttgart', 'Deutschland', '2024-05-02 20:47:53', '2024-05-02 20:47:53'),
(9, 'christophe.barbara@delta.com', 'Christophe', 'Barbara', '129 Peachtree Hills Ave NE', NULL, '30305', 'Atlanta', 'USA', '2024-05-03 14:55:53', '2024-05-03 14:55:53'),
(11, 'post@dct-travel.de', 'Michael', 'Probst', 'Auf der Worth 12', NULL, '30982', 'Pattensen', 'Deutschland', '2024-05-05 08:45:02', '2024-05-05 08:45:02'),
(12, 'noemi.baserga@aciblueteam.it', 'noemi', 'baserga', 'ACI BLUETEAM', 'Via Risorgimento 70', '22070', 'Luisago', 'Italia', '2024-05-10 12:41:10', '2024-05-10 12:41:10'),
(13, 'elena.mascheroni@aciblueteam.it', 'Elena', 'Mascheroni', 'via Risorgimento 70', NULL, '22070', 'Luisago', 'Italia', '2024-05-10 12:47:33', '2024-05-10 12:47:33'),
(14, 'falciani.elena@gmail.com', 'Elena', 'Falciani', 'Via  Baracca 42', NULL, '21057', 'Olgiate Olona', 'Italia', '2024-05-10 12:51:05', '2024-05-10 12:51:05'),
(15, 'ELISABETTA.VARLOTTA@ACIBLUETEAM.IT', 'ELISABETTA', 'VARLOTTA', 'VIA MILANO 8', NULL, '22040', 'BRENNA', 'ITALIA', '2024-05-10 12:53:03', '2024-05-10 12:53:03'),
(16, 'giulia.borgonovo@aciblueteam.it', 'Giulia', 'Borgonovo', 'via sant\'agostino 6C', 'Meda (MB)', '20821', 'MEDA', 'ITALIA', '2024-05-10 12:54:21', '2024-05-10 12:54:21'),
(17, 'alan.novia@aciblueteam.it', 'Alan', 'Novia', 'Via Provinciale, 11', NULL, '22041', 'Colverde (Co)', 'Italia', '2024-05-10 12:59:02', '2024-05-10 12:59:02'),
(18, 'tgudinocabrera@mycwt.com', 'Teresa', 'Gudino Cabrera', 'Mossen Jaume Sala 18', '6º - 1ª', '08303', 'Mataro', 'España', '2024-05-10 13:05:56', '2024-05-10 13:05:56'),
(19, 'baserganoemi@gmail.com', 'noemi', 'ba', 'via adige 15', NULL, '22063', 'cantù', 'Italia', '2024-05-10 13:11:00', '2024-05-10 13:11:00'),
(20, 'elemas72@gmail.com', 'Elena', 'Mascheroni', 'via Della Nave 10', NULL, '22072', 'Cermenate', 'Italia', '2024-05-10 13:11:24', '2024-05-10 13:11:24'),
(21, 'davide96.citterio@gmail.com', 'Davide', 'Citterio', 'Via Monviso 14 C', NULL, '22070', 'Grandate', 'Italy', '2024-05-10 13:56:45', '2024-05-10 13:56:45'),
(22, 'tobias.butterweg@amexgbt.com', 'Tobias', 'Butterweg', 'Peter-Willems-Str. 22', NULL, '52382', 'Niederzier', 'Germany', '2024-05-10 13:58:20', '2024-05-10 13:58:20'),
(23, 'riccardo.santambrogio@aciblueteam.it', 'Riccardo', 'Santambrogio', 'via Landolfo da Carcano,4', NULL, '22031', 'Albavilla', 'Italy', '2024-05-10 15:17:09', '2024-05-10 15:17:09'),
(24, 'giovanna.ravasi@aciblueteam.it', 'GIOVANNA', 'RAVASI', 'VIA MONTELLO 20', NULL, '20862', 'ARCORE (MB)', 'ITALIA', '2024-05-11 08:57:47', '2024-05-11 08:57:47'),
(25, 'cindy.heider@canusa.de', 'Cindy', 'Heider', 'CANUSA TOURISTIK', 'Nebendahlstrasse 16', '22041', 'Hamburg', 'Germany', '2024-05-13 08:54:44', '2024-05-13 08:54:44'),
(26, 'marcel.greb@bdtravel.de', 'Marcel', 'Greb', 'Stieglitzstr. 5', NULL, '22081', 'Hamburg', 'Deutschland', '2024-05-14 10:16:29', '2024-05-14 10:16:29'),
(27, 'USXG228@MYCWT.COM', 'SUSANA', 'GARCIA MORENO', 'AVENIDA DIAGONAL 497 1A PLANTA', NULL, '08029', 'BARCELONA', 'SPAIN', '2024-05-16 13:46:48', '2024-05-16 13:46:48'),
(28, 'lisa@das-suedstadtreisebuero.de', 'LIsa', 'Fassbender', 'Südstadt Reisebüro', 'Severinstr. 1', '50678', 'Köln', 'Deutschland', '2024-05-21 11:17:19', '2024-05-21 11:17:19'),
(29, 'shein@aer.de', 'Steven', 'Hein', 'Büchner Weg 31', NULL, '12489', 'Berlin', 'Deutschland', '2024-05-21 13:05:46', '2024-05-21 13:05:46'),
(30, 'olubukola.sadare@delta.com', 'Olubukola', 'Rokosu', '1664 NATIONS TRAIL', 'RIVERDALE', '30296', 'ATLANTA', 'United States', '2024-05-21 17:25:14', '2024-05-21 17:25:14'),
(31, 'ricohofmeister@hotmail.com', 'Rico', 'Hofmeister', '-', 'Südostallee 162', '12487', 'Berlin', 'Deutschland', '2024-05-22 07:37:05', '2024-05-22 07:37:05'),
(32, 'mario@imgar.es', 'Mario', 'García López', 'IMGAR', 'Almeria 10', '28970', 'Humanes de Madrid - Madrid', 'Spaim', '2024-05-24 13:15:45', '2024-05-24 13:15:45'),
(33, 'marta.gonzalezs@ubicocorporate.com', 'Marta', 'González', 'Plaza del Salvador, 16', '2 izquierda', '40001', 'Segovia', 'Esàña', '2024-05-27 08:06:41', '2024-05-27 08:06:41'),
(34, 'cgomezmatilla@mycwt.com', 'Carolina', 'Gomez Matilla', 'CWT - Julian Camarillo 4b', NULL, '28037', 'Madrid', 'España', '2024-05-27 08:08:10', '2024-05-27 08:08:10'),
(35, 'futrilla@mycwt.com', 'francisco Javier', 'utrilla', 'C/ Julian Camarillo 4 edif B 1', NULL, '28050', 'madrid', 'Spain', '2024-05-27 08:09:56', '2024-05-27 08:09:56'),
(36, 'scampodarbe@mycwt.com', 'sonia', 'campodarbe', 'Aribau 237 Esc A 1o1a', NULL, '08021', 'Barcelona', 'Spain', '2024-05-27 08:14:37', '2024-05-27 08:14:37'),
(37, 'VANESACARRASCO@CATAI.ES', 'Vanesa', 'Carrasco Jimenez', 'CALLE ARGENTINA 18A', '8C', '28823', 'COSLADA', 'SPAIN', '2024-05-27 08:27:56', '2024-05-27 08:27:56'),
(38, 'megarciagarcia@mycwt.com', 'Mercedes', 'Garcia', 'Edificio Vilamar II, Calle Biología, Nº 12, Planta 1', NULL, '41015', 'sevilla', 'spain', '2024-05-27 08:31:26', '2024-05-27 08:31:26'),
(39, 'jose.ulloa@ubicocorporate.com', 'JOSE', 'ULLOA', 'Nicaragua 32', NULL, '36203', 'Vigo', 'Spain', '2024-05-27 10:30:29', '2024-05-27 10:30:29'),
(40, 'fmartinezgonzalez@mycwt.com', 'Francisco', 'Martinez Gonzalez', 'Calle Gustavo Adolfo Becquer 9', NULL, '41800', 'Sanlúcar la Mayor', 'Spain', '2024-05-27 10:50:12', '2024-05-27 10:50:12'),
(41, 'sperez@mycwt.com', 'Sebastian', 'Silva', 'Avenida Extremadura 157 alto izq', NULL, '41970', 'Santiponce', 'Sevilla', '2024-05-27 10:50:13', '2024-05-27 10:50:13'),
(42, 'asuncion.guzman@destinosdelmundo.es', 'Maria Asuncion', 'Guzman Lopez de Baro', 'Calle de O\'Donnell, 46, Entreplanta D, Retiro, 28009', NULL, '28009', 'MADRID', 'España', '2024-05-27 10:50:55', '2024-05-27 10:50:55'),
(43, 'gavagyan@mycwt.com', 'Garik', 'Avagyan', 'Calle Fernando Cansino Miguez 3, 2A', NULL, '41950', 'Castilleja de la cuesta', 'Spain', '2024-05-27 10:52:21', '2024-05-27 10:52:21'),
(44, 'MRamirezOsuna@mycwt.com', 'Maria Teresa', 'Ramirez Osuna', 'C/ Biologia n.12', NULL, '41015', 'Sevilla', 'Spain', '2024-05-27 10:57:04', '2024-05-27 10:57:04'),
(45, 'fmueller@mycwt.com', 'Fatima', 'Molina', 'Avda de Jerez 10 3ºB', NULL, '410012', 'Sevilla', 'Spain', '2024-05-27 11:03:00', '2024-05-27 11:03:00'),
(46, 'lguerramoreno@mycwt.com', 'Laura', 'Guerra Moreno', 'calle tapadores numero 2, bajo A Coria del Río', NULL, '41100', 'sevilla', 'spain', '2024-05-27 11:06:21', '2024-05-27 11:06:21'),
(47, 'ilopezjuan@mycwt.com', 'Irene', 'Lopez Juan', 'Avenida del Deporte 82', NULL, '41960', 'Gines', 'Spain', '2024-05-27 11:07:08', '2024-05-27 11:07:08'),
(48, 'fjalmaguer@mycwt.com', 'Felipe Jesús', 'Almaguer Muñoz', 'Urbanización Nueva Bellavista,10,planta 2,puerta 4', NULL, '41014', 'Sevilla', 'Spain', '2024-05-27 11:12:42', '2024-05-27 11:12:42'),
(49, 'eridaomundi@mycwt.com', 'Elena', 'Ridao Mundi', 'Calle Biología 12, planta 1', NULL, '41015', 'sevilla', 'Spain', '2024-05-27 11:26:47', '2024-05-27 11:26:47'),
(50, 'epradosamaya@mycwt.com', 'Eva', 'Prados Amaya', 'Paraiso Sta Eufemia 9', NULL, '41940', 'Sevilla', 'Spain', '2024-05-27 11:37:59', '2024-05-27 11:37:59'),
(51, 'ccaballomartin@mycwt.com', 'Carmen', 'Caballo Martín', 'Calle Biología, 12', NULL, '41015', 'Sevilla', 'Spain', '2024-05-27 11:50:24', '2024-05-27 11:50:24'),
(52, 'AVillegasPrados@mycwt.com', 'Angela', 'Villegas Prados', 'Calle Becquer 51 1 Derecha', NULL, '41002', 'Sevilla', 'Spain', '2024-05-27 11:52:42', '2024-05-27 11:52:42'),
(53, 'bperezgonzalez@mycwt.com', 'Barbara', 'Perez Gonzalez', 'c/geologia, edficio vilamar 2', NULL, '41015', 'sevilla', 'Spain', '2024-05-27 11:55:37', '2024-05-27 11:55:37'),
(54, 'afernandezsaez@cwt-me.com', 'Alicia', 'Fernández Sáez', 'Julián Camarillo, 4', NULL, '28037', 'Madrid', 'España', '2024-05-27 12:23:22', '2024-05-27 12:23:22'),
(55, 'escribano.pilares@hotmail.com', 'Alba', 'Diez', 'La Vid, 25', NULL, '28270', 'Colmenarejo - Madrid', 'Spain', '2024-05-27 13:12:37', '2024-05-27 13:12:37'),
(56, 'pedroguardi_17@hotmail.com', 'Pedro', 'Rodriguez', 'Calle Higuera de la Sierra', NULL, '41008', 'Sevilla', 'Spain', '2024-05-27 13:34:27', '2024-05-27 13:34:27'),
(57, 'SGarciaJimenez@mycwt.com', 'Salome', 'Garcia Jimenez', 'C/Julian Camarillo Madrid', NULL, '28037', 'Madrid', 'Spain', '2024-05-27 19:12:22', '2024-05-27 19:12:22'),
(58, 'sschwarz@mycwt.com', 'Steffi', 'Schwarz', 'C/ Gustavo Adolfo Bécquer 9', NULL, '41800', 'Sanlúcar la Mayor', 'Spain', '2024-05-28 06:10:06', '2024-05-28 06:10:06'),
(59, 'sbazanblaettler@mycwt.com', 'Silvana', 'Bazan Blaettler', 'Calle Cristo de Velazquez 4', '1 derecha', '41007', 'Sevilla', 'Spain', '2024-05-28 06:10:23', '2024-05-28 06:10:23'),
(60, 'SJIMENEZDELGADO@CWT-ME.COM', 'SONIA', 'JIMENEZ DELGADO', 'C/ Julián Camarillo 4, Edificio II, 1ª Planta', NULL, '28037', 'MADRID', 'SPAIN', '2024-05-28 10:02:46', '2024-05-28 10:02:46'),
(61, 'SJIMENEZDELGADO@CWT-ME.COM', 'SONIA', 'JIMENEZ DELGADO', 'C/ Julián Camarillo 4, Edificio II, 1ª Planta', NULL, '28037', 'MADRID', 'SPAIN', '2024-05-28 10:02:49', '2024-05-28 10:02:49'),
(62, 'carlos.campa@passengy.com', 'Carlos', 'Campa Martin', 'CAlle del tord 8 edi 1 esc 2 2A', 'CAlle del tord 8 edi 1 esc 2 2A', '07609', 'LLUCMAJOR', 'España', '2024-05-28 10:20:33', '2024-05-28 10:20:33'),
(63, 'marianmartinezgarau@gmail.com', 'Maria Antonia', 'Martinez Garau', 'Calle Nuredduna 1,  5C', NULL, '07006', 'Palma de Mallorca', 'España', '2024-05-28 10:27:12', '2024-05-28 10:27:12'),
(64, 'catalinagarauoliver@gmail.com', 'Catalina', 'Garau Oliver', 'calle parceles 38', NULL, '07610', 'Palma de Mallorca', 'España', '2024-05-28 11:19:39', '2024-05-28 11:19:39'),
(65, 'ENovotnyRincon@cwt-me.com', 'ERIKA', 'NOVOTNY RINCON', 'BRAVO MURILLO 276 5ºA', NULL, '28020', 'MADRID', 'España', '2024-05-28 11:24:04', '2024-05-28 11:24:04'),
(66, 'SMASA@CWT-ME.COM', 'Sara', 'MASA QUIROZ', 'Calle Paris, nº7, 4ºA', NULL, '28938', 'Mostoles, Madrid', 'España', '2024-05-28 11:31:48', '2024-05-28 11:31:48'),
(67, 'BHuidobroValdemoro@cwt-me.com', 'Blanca', 'Huidobro Valdemoro', 'Calle Antonio Calvo 11, 8B', NULL, '28027', 'MADRID', 'España', '2024-05-28 11:43:44', '2024-05-28 11:43:44'),
(68, 'Esanchezaguilar@mycwt.com', 'Eva', 'Sanchez Aguilar', 'Calle Higuera de la sierra 10 2a', NULL, '41008', 'seville', 'spain', '2024-05-28 11:47:36', '2024-05-28 11:47:36'),
(69, 'MMORATOGARCIA@CWT-ME.COM', 'MAYTE', 'MORATO GARCIA', 'CALLE GUADIANA N3  10', NULL, '28760', 'MADRID - TRES CANTOS', 'SPAIN', '2024-05-28 11:54:24', '2024-05-28 11:54:24'),
(70, 'rsansgutierrez@cwt-me.com', 'RITA', 'SANS GUTIERREZ', 'C/FEDERICO GARCIA LORCA 4', NULL, '28817', 'LOS SANTOS DE LA HUMOSA (MADRID)', 'ESPAÑA', '2024-05-28 12:25:30', '2024-05-28 12:25:30'),
(71, 'amuench@mycwt.com', 'Anna Maria', 'Muench', 'Mancha Real 35', NULL, '41719', 'El Palmar de Troya', 'Spain', '2024-05-28 12:26:27', '2024-05-28 12:26:27'),
(72, 'juanpablo.mercuriocavaliere@grupoveci.es', 'Juan Pablo', 'Mercurio Cavaliere', 'Joan Massanet y Moragues Nº14 1ºB', NULL, '07010', 'Palma de Mallorca', 'España', '2024-05-29 07:20:36', '2024-05-29 07:20:36'),
(73, 'jaimealbert.bellidoros@grupoveci.es', 'JAIME ALBERTO', 'BELLIDO ROS', 'Ctra Palma-Valldemosa km 7,4', 'Parc Bit Edificio Logitravel', '07121', 'Palma de Mallorca', 'España', '2024-05-29 08:19:17', '2024-05-29 08:19:17'),
(74, 'marianmartinezgarau@gmail.com', 'Maria Antonia', 'Martinez Garau', 'Calle Nuredduna 1,  5C', NULL, '07006', 'Palma de Mallorca', 'España', '2024-05-29 08:50:31', '2024-05-29 08:50:31'),
(75, 'mdolores.perezpeinado@grupoveci.es', 'Mª Dolores', 'Pérez Peinado', 'C/ Galileo Galilei Edificio Logitravel Crta Valldemossa km 7.2 Palma de Mallorca', NULL, '07180', 'Calviá', 'España', '2024-05-29 10:52:13', '2024-05-29 10:52:13'),
(76, 'crisafulli@traveltotheworld.it', 'MARIO', 'CRISAFULLI', 'via dei Mamili 11', NULL, '00175', 'ROMA', 'Italia', '2024-05-29 12:21:17', '2024-05-29 12:21:17'),
(77, 's.eggers@reise-speise.de', 'Stefan', 'Eggers', 'Thieshoper Grund 11', NULL, '21438', 'Brackel', 'Germany', '2024-05-29 13:26:10', '2024-05-29 13:26:10'),
(78, 'bblassantin@cwt-me.com', 'Beatriu', 'Blas Santin', 'Almansa, 80 3º 2ª', NULL, '08042', 'Barcelona', 'España', '2024-05-30 06:57:09', '2024-05-30 06:57:09'),
(79, 'ESANCHEZPEREZ@CWT-ME.COM', 'ENCARNA', 'SANCHEZ PEREZ', 'CWT  GLOBAL ESPAÑA SL  - JULIAN  CAMARILLO 4 EDIF II', NULL, '28034', 'MADRID', 'MADRID', '2024-05-31 11:16:23', '2024-05-31 11:16:23'),
(80, 'luiscarlosfs@hotmail.com', 'Luis Carlos', 'Fuentes Sánchez', 'C/. Virgen del Carmen, 5', NULL, '23100', 'Mancha Real', 'España', '2024-06-03 16:32:54', '2024-06-03 16:32:54'),
(81, 'emarsalmolins@mycwt.com', 'elisabet', 'marsal molins', 'paseo sant joan bosco 47   1b', NULL, '08017', 'barcelona', 'spain', '2024-06-06 09:59:17', '2024-06-06 09:59:17'),
(82, 's.pelletier@data-gest.fr', 'TEST STEPHANIE', 'TEST PELLETIER', '8 RUE ANTOINE BOURDELLE', NULL, '75015', 'PARIS', 'France', '2024-06-06 17:10:38', '2024-06-06 17:10:38');

--
-- Index pour les tables déchargées
--

--
-- Index pour la table `answer`
--
ALTER TABLE `answer`
  ADD PRIMARY KEY (`id`),
  ADD KEY `IDX_DADD4A251E27F6BF` (`question_id`);

--
-- Index pour la table `participation`
--
ALTER TABLE `participation`
  ADD PRIMARY KEY (`id`),
  ADD UNIQUE KEY `UNIQ_AB55E24FA76ED395` (`user_id`);

--
-- Index pour la table `participation_answer`
--
ALTER TABLE `participation_answer`
  ADD PRIMARY KEY (`participation_id`,`answer_id`),
  ADD KEY `IDX_A0B8CC006ACE3B73` (`participation_id`),
  ADD KEY `IDX_A0B8CC00AA334807` (`answer_id`);

--
-- Index pour la table `participation_question`
--
ALTER TABLE `participation_question`
  ADD PRIMARY KEY (`participation_id`,`question_id`),
  ADD KEY `IDX_5ADFC5D96ACE3B73` (`participation_id`),
  ADD KEY `IDX_5ADFC5D91E27F6BF` (`question_id`);

--
-- Index pour la table `question`
--
ALTER TABLE `question`
  ADD PRIMARY KEY (`id`),
  ADD KEY `IDX_B6F7494E853CD175` (`quiz_id`),
  ADD KEY `IDX_B6F7494EA479B907` (`answer_choice_id`);

--
-- Index pour la table `quiz`
--
ALTER TABLE `quiz`
  ADD PRIMARY KEY (`id`);

--
-- Index pour la table `user`
--
ALTER TABLE `user`
  ADD PRIMARY KEY (`id`);

--
-- AUTO_INCREMENT pour les tables déchargées
--

--
-- AUTO_INCREMENT pour la table `answer`
--
ALTER TABLE `answer`
  MODIFY `id` int(11) NOT NULL AUTO_INCREMENT, AUTO_INCREMENT=22;

--
-- AUTO_INCREMENT pour la table `participation`
--
ALTER TABLE `participation`
  MODIFY `id` int(11) NOT NULL AUTO_INCREMENT, AUTO_INCREMENT=172;

--
-- AUTO_INCREMENT pour la table `question`
--
ALTER TABLE `question`
  MODIFY `id` int(11) NOT NULL AUTO_INCREMENT, AUTO_INCREMENT=6;

--
-- AUTO_INCREMENT pour la table `quiz`
--
ALTER TABLE `quiz`
  MODIFY `id` int(11) NOT NULL AUTO_INCREMENT;

--
-- AUTO_INCREMENT pour la table `user`
--
ALTER TABLE `user`
  MODIFY `id` int(11) NOT NULL AUTO_INCREMENT, AUTO_INCREMENT=83;

--
-- Contraintes pour les tables déchargées
--

--
-- Contraintes pour la table `answer`
--
ALTER TABLE `answer`
  ADD CONSTRAINT `FK_DADD4A251E27F6BF` FOREIGN KEY (`question_id`) REFERENCES `question` (`id`);

--
-- Contraintes pour la table `participation`
--
ALTER TABLE `participation`
  ADD CONSTRAINT `FK_AB55E24FA76ED395` FOREIGN KEY (`user_id`) REFERENCES `user` (`id`);

--
-- Contraintes pour la table `participation_answer`
--
ALTER TABLE `participation_answer`
  ADD CONSTRAINT `FK_A0B8CC006ACE3B73` FOREIGN KEY (`participation_id`) REFERENCES `participation` (`id`) ON DELETE CASCADE,
  ADD CONSTRAINT `FK_A0B8CC00AA334807` FOREIGN KEY (`answer_id`) REFERENCES `answer` (`id`) ON DELETE CASCADE;

--
-- Contraintes pour la table `participation_question`
--
ALTER TABLE `participation_question`
  ADD CONSTRAINT `FK_5ADFC5D91E27F6BF` FOREIGN KEY (`question_id`) REFERENCES `question` (`id`) ON DELETE CASCADE,
  ADD CONSTRAINT `FK_5ADFC5D96ACE3B73` FOREIGN KEY (`participation_id`) REFERENCES `participation` (`id`) ON DELETE CASCADE;

--
-- Contraintes pour la table `question`
--
ALTER TABLE `question`
  ADD CONSTRAINT `FK_B6F7494E853CD175` FOREIGN KEY (`quiz_id`) REFERENCES `quiz` (`id`),
  ADD CONSTRAINT `FK_B6F7494EA479B907` FOREIGN KEY (`answer_choice_id`) REFERENCES `answer` (`id`);
COMMIT;

/*!40101 SET CHARACTER_SET_CLIENT=@OLD_CHARACTER_SET_CLIENT */;
/*!40101 SET CHARACTER_SET_RESULTS=@OLD_CHARACTER_SET_RESULTS */;
/*!40101 SET COLLATION_CONNECTION=@OLD_COLLATION_CONNECTION */;
